{"cameraMode":{"drawMode":0,"name":"Shaded","section":"Shading Mode"},"sceneLighting":false,"audioPlay":false,"sceneViewState":{"showFog":true,"showMaterialUpdate":false,"showSkybox":false,"showFlares":true,"showImageEffects":true,"showParticleSystems":true},"in2DMode":false,"pivot":{"x":2.2254638671875,"y":-0.1070479154586792,"z":7.632198333740234},"rotation":{"x":-0.005129259545356035,"y":-0.7302544116973877,"z":0.005471483338624239,"w":-0.6831731796264648},"size":5.960966110229492,"orthographic":false}